Month,Hydroelectric Power Consumption,Geothermal Energy Consumption,Solar Energy Consumption,Wind Energy Consumption,Wood Energy Consumption,Waste Energy Consumption,Biofuels Consumption,Total Biomass Energy Consumption
1973 January,89.562,0.49,Not Available,Not Available,129.63,0.157,Not Available,129.787
1973 February,79.544,0.448,Not Available,Not Available,117.194,0.144,Not Available,117.338
1973 March,88.284,0.464,Not Available,Not Available,129.763,0.176,Not Available,129.938
1973 April,83.152,0.542,Not Available,Not Available,125.462,0.174,Not Available,125.636
1973 May,85.643,0.505,Not Available,Not Available,129.624,0.21,Not Available,129.834
1973 June,82.06,0.579,Not Available,Not Available,125.435,0.176,Not Available,125.611
1973 July,77.4,0.614,Not Available,Not Available,129.616,0.17,Not Available,129.787
1973 August,72.936,0.579,Not Available,Not Available,129.734,0.184,Not Available,129.918
1973 September,59.029,0.49,Not Available,Not Available,125.603,0.178,Not Available,125.782
1973 October,62.967,0.578,Not Available,Not Available,129.769,0.2,Not Available,129.97
1973 November,69.063,0.62,Not Available,Not Available,125.492,0.151,Not Available,125.643
1973 December,90.131,0.8,Not Available,Not Available,129.69,0.135,Not Available,129.824
1974 January,99.5,0.704,Not Available,Not Available,130.655,0.152,Not Available,130.807
1974 February,91.476,0.621,Not Available,Not Available,117.949,0.142,Not Available,118.091
1974 March,94.95,0.707,Not Available,Not Available,130.579,0.148,Not Available,130.727
1974 April,95.969,0.666,Not Available,Not Available,126.441,0.142,Not Available,126.583
1974 May,96.337,0.667,Not Available,Not Available,130.659,0.129,Not Available,130.789
1974 June,91.719,0.645,Not Available,Not Available,126.432,0.179,Not Available,126.611
1974 July,90.437,0.716,Not Available,Not Available,130.548,0.208,Not Available,130.756
1974 August,82.727,0.707,Not Available,Not Available,130.574,0.189,Not Available,130.763
1974 September,73.61,0.653,Not Available,Not Available,126.454,0.183,Not Available,126.637
1974 October,68.931,0.663,Not Available,Not Available,130.562,0.156,Not Available,130.718
1974 November,72.773,0.789,Not Available,Not Available,126.352,0.155,Not Available,126.506
1974 December,79.542,0.83,Not Available,Not Available,130.555,0.119,Not Available,130.674
1975 January,86.356,0.694,Not Available,Not Available,127.128,0.14,Not Available,127.269
1975 February,82.404,0.662,Not Available,Not Available,114.829,0.113,Not Available,114.942
1975 March,96.386,0.747,Not Available,Not Available,127.127,0.124,Not Available,127.251
1975 April,91.791,0.748,Not Available,Not Available,123.022,0.117,Not Available,123.139
1975 May,95.581,0.812,Not Available,Not Available,127.13,0.173,Not Available,127.303
1975 June,93.55,1.007,Not Available,Not Available,123.048,0.193,Not Available,123.241
1975 July,87.9,1.013,Not Available,Not Available,127.125,0.163,Not Available,127.288
1975 August,77.892,1.099,Not Available,Not Available,127.136,0.185,Not Available,127.321
1975 September,70.756,0.969,Not Available,Not Available,123.052,0.158,Not Available,123.21
1975 October,78.06,1.117,Not Available,Not Available,127.151,0.161,Not Available,127.312
1975 November,84.171,1.085,Not Available,Not Available,123.039,0.141,Not Available,123.18
1975 December,89.51,1.124,Not Available,Not Available,127.138,0.138,Not Available,127.277
1976 January,89.904,1.119,Not Available,Not Available,144.91,0.14,Not Available,145.049
1976 February,84.626,1.053,Not Available,Not Available,135.559,0.136,Not Available,135.695
1976 March,91.629,1.127,Not Available,Not Available,144.914,0.137,Not Available,145.051
1976 April,83.378,1.015,Not Available,Not Available,140.237,0.126,Not Available,140.363
1976 May,88.065,0.97,Not Available,Not Available,144.913,0.134,Not Available,145.047
1976 June,88.182,1.008,Not Available,Not Available,140.244,0.161,Not Available,140.405
1976 July,89.807,1.089,Not Available,Not Available,144.898,0.19,Not Available,145.088
1976 August,82.153,1.072,Not Available,Not Available,144.918,0.192,Not Available,145.11
1976 September,70.186,1.044,Not Available,Not Available,140.271,0.165,Not Available,140.436
1976 October,72.69,1.014,Not Available,Not Available,144.94,0.174,Not Available,145.114
1976 November,68.463,0.854,Not Available,Not Available,140.481,0.171,Not Available,140.651
1976 December,69.9,0.975,Not Available,Not Available,145.201,0.163,Not Available,145.364
1977 January,71.63,1.057,Not Available,Not Available,156.074,0.146,Not Available,156.22
1977 February,52.424,0.923,Not Available,Not Available,141.046,0.13,Not Available,141.176
1977 March,68.518,1.046,Not Available,Not Available,156.072,0.146,Not Available,156.217
1977 April,64.508,0.933,Not Available,Not Available,151.013,0.148,Not Available,151.161
1977 May,64.629,1.007,Not Available,Not Available,156.032,0.155,Not Available,156.186
1977 June,59.609,0.991,Not Available,Not Available,150.997,0.156,Not Available,151.153
1977 July,58.13,1.048,Not Available,Not Available,155.742,0.178,Not Available,155.92
1977 August,57.83,0.96,Not Available,Not Available,155.909,0.172,Not Available,156.081
1977 September,56.835,1.028,Not Available,Not Available,150.938,0.172,Not Available,151.11
1977 October,59.48,1.075,Not Available,Not Available,155.998,0.174,Not Available,156.172
1977 November,70.583,1.08,Not Available,Not Available,150.888,0.112,Not Available,151
1977 December,78.744,1.075,Not Available,Not Available,155.816,0.119,Not Available,155.935
1978 January,86.454,1.095,Not Available,Not Available,173.005,0.123,Not Available,173.128
1978 February,76.606,0.94,Not Available,Not Available,156.277,0.11,Not Available,156.387
1978 March,84.951,0.777,Not Available,Not Available,173.026,0.11,Not Available,173.136
1978 April,87.281,0.655,Not Available,Not Available,167.244,0.105,Not Available,167.349
1978 May,99.185,0.583,Not Available,Not Available,172.806,0.117,Not Available,172.923
1978 June,86.645,0.718,Not Available,Not Available,167.239,0.101,Not Available,167.34
1978 July,84.339,0.804,Not Available,Not Available,172.825,0.087,Not Available,172.912
1978 August,76.518,0.945,Not Available,Not Available,173.009,0.18,Not Available,173.189
1978 September,73.042,0.998,Not Available,Not Available,167.32,0.134,Not Available,167.455
1978 October,67.184,0.742,Not Available,Not Available,173.027,0.142,Not Available,173.169
1978 November,68.818,0.839,Not Available,Not Available,167.438,0.12,Not Available,167.557
1978 December,76.162,1.063,Not Available,Not Available,172.935,0.126,Not Available,173.06
1979 January,86.378,1.021,Not Available,Not Available,182.453,0.147,Not Available,182.6
1979 February,73.446,0.836,Not Available,Not Available,164.927,0.169,Not Available,165.096
1979 March,89.483,1.121,Not Available,Not Available,182.64,0.241,Not Available,182.881
1979 April,87.645,1.037,Not Available,Not Available,176.707,0.138,Not Available,176.844
1979 May,99.903,1.043,Not Available,Not Available,182.561,0.221,Not Available,182.782
1979 June,86.23,1.056,Not Available,Not Available,176.662,0.17,Not Available,176.833
1979 July,78.573,1.12,Not Available,Not Available,182.536,0.165,Not Available,182.7
1979 August,73.393,1.222,Not Available,Not Available,182.638,0.17,Not Available,182.808
1979 September,65.516,1.06,Not Available,Not Available,176.766,0.125,Not Available,176.891
1979 October,69.619,1.189,Not Available,Not Available,182.63,0.121,Not Available,182.752
1979 November,77.213,1.155,Not Available,Not Available,176.767,0.182,Not Available,176.949
1979 December,78.457,1.409,Not Available,Not Available,182.568,0.202,Not Available,182.77
1980 January,87.244,1.148,Not Available,Not Available,209.613,0.216,Not Available,209.829
1980 February,73.781,1.103,Not Available,Not Available,196.117,0.193,Not Available,196.31
1980 March,83.978,1.225,Not Available,Not Available,209.598,0.129,Not Available,209.727
1980 April,88.865,1.284,Not Available,Not Available,202.768,0.127,Not Available,202.894
1980 May,99.622,1.512,Not Available,Not Available,209.394,0.154,Not Available,209.548
1980 June,95.451,1.459,Not Available,Not Available,202.609,0.114,Not Available,202.723
1980 July,84.448,1.534,Not Available,Not Available,209.449,0.106,Not Available,209.554
1980 August,70.517,1.639,Not Available,Not Available,209.544,0.131,Not Available,209.675
1980 September,63.819,1.48,Not Available,Not Available,202.79,0.115,Not Available,202.905
1980 October,61.661,1.681,Not Available,Not Available,209.602,0.115,Not Available,209.717
1980 November,66.325,1.643,Not Available,Not Available,202.831,0.114,Not Available,202.945
1980 December,76.858,1.602,Not Available,Not Available,209.546,0.125,Not Available,209.671
1981 January,77.214,1.725,Not Available,Not Available,211.988,7.476,1.08,220.544
1981 February,72.83,1.525,Not Available,Not Available,191.528,6.744,0.976,199.248
1981 March,71.15,1.71,Not Available,Not Available,212.042,7.472,1.08,220.595
1981 April,71.718,1.579,Not Available,Not Available,205.195,7.226,1.045,213.467
1981 May,83.301,1.564,Not Available,Not Available,211.883,7.469,1.08,220.433
1981 June,91.061,1.561,Not Available,Not Available,204.976,7.216,1.045,213.237
1981 July,86.714,1.716,Not Available,Not Available,211.838,7.473,1.08,220.392
1981 August,74.556,1.695,Not Available,Not Available,211.846,7.501,1.08,220.428
1981 September,61.534,1.705,Not Available,Not Available,205.148,7.287,1.045,213.48
1981 October,62.42,1.682,Not Available,Not Available,212.004,7.497,1.08,220.581
1981 November,65.459,1.468,Not Available,Not Available,205.166,7.226,1.045,213.437
1981 December,82.279,1.473,Not Available,Not Available,211.948,7.412,1.08,220.44
1982 January,92.763,1.297,Not Available,Not Available,213.205,10.124,2.922,226.251
1982 February,91.907,1.193,Not Available,Not Available,192.598,9.137,2.639,204.375
1982 March,102.924,1.051,Not Available,Not Available,213.132,10.103,2.922,226.157
1982 April,96.303,1.06,Not Available,Not Available,206.24,9.753,2.828,218.821
1982 May,96.572,1.231,Not Available,Not Available,213.101,10.112,2.922,226.135
1982 June,96.463,1.487,Not Available,Not Available,206.255,9.784,2.828,218.866
1982 July,94.087,1.564,Not Available,Not Available,213.146,10.135,2.922,226.202
1982 August,82.333,1.559,Not Available,Not Available,213.158,10.087,2.922,226.168
1982 September,68.612,1.495,Not Available,Not Available,206.364,9.755,2.828,218.947
1982 October,68.091,1.592,Not Available,Not Available,213.332,10.119,2.922,226.373
1982 November,80.245,1.672,Not Available,Not Available,206.347,9.772,2.828,218.948
1982 December,95.522,1.323,Not Available,Not Available,213.17,10.118,2.922,226.21
1983 January,100.743,1.65,Not Available,0.001,227.926,13.286,5.363,246.575
1983 February,96.206,1.269,Not Available,0,205.87,12.023,4.844,222.738
1983 March,104.348,1.463,Not Available,0.001,227.938,13.309,5.363,246.61
1983 April,103.334,1.371,Not Available,0.001,220.561,12.875,5.19,238.625
1983 May,107.568,1.114,Not Available,0.001,227.897,13.387,5.363,246.647
1983 June,105.81,1.465,Not Available,0.001,220.582,12.964,5.19,238.736
1983 July,96.883,1.825,Not Available,0,227.933,13.354,5.363,246.651
1983 August,88.929,2.401,Not Available,0,227.978,13.354,5.363,246.695
1983 September,74.808,2.194,Not Available,0.001,220.641,12.924,5.19,238.755
1983 October,71.491,2.3,Not Available,0.002,228.031,13.338,5.363,246.732
1983 November,84.956,2.047,Not Available,0.001,220.719,12.872,5.19,238.78
1983 December,108.936,1.63,Not Available,0,228.194,13.314,5.363,246.871
1984 January,102.459,1.665,0,0,227.551,17.385,6.547,251.483
1984 February,96.034,2.034,0,0.001,212.673,16.371,6.125,235.169
1984 March,104.801,2.235,0.001,0.001,227.378,17.603,6.547,251.529
1984 April,103.27,2.205,0.001,0.002,219.904,17.037,6.336,243.277
1984 May,109.683,2.115,0.002,0.003,227.242,17.619,6.547,251.408
1984 June,99.261,2.053,0.003,0.002,219.914,17.053,6.336,243.303
1984 July,94.772,1.96,0.001,0.002,227.458,17.627,6.547,251.632
1984 August,86.573,2.454,0.003,0.001,227.481,17.61,6.547,251.638
1984 September,72.076,2.21,0.003,0.002,220.21,17.049,6.336,243.596
1984 October,71.968,2.426,0.002,0.003,227.64,17.786,6.547,251.974
1984 November,76.704,2.396,0.001,0.003,220.555,17.177,6.336,244.068
1984 December,88.949,2.656,0,0.004,227.811,17.684,6.547,252.042
1985 January,94.973,2.641,0.002,0.002,228.394,20.009,7.911,256.315
1985 February,89.219,2.332,0,0.004,206.294,18.072,7.146,231.512
1985 March,85.029,2.715,0,0.002,228.374,20.05,7.911,256.336
1985 April,84.276,2.378,0.004,0.002,220.463,19.48,7.656,247.599
1985 May,91.284,2.473,0.005,0.001,227.858,20.111,7.911,255.881
1985 June,82.425,2.382,0.005,0.001,220.471,19.517,7.656,247.643
1985 July,73.612,2.619,0.004,0,228.091,20.156,7.911,256.159
1985 August,68.98,2.737,0.007,0.001,228.276,20.113,7.911,256.301
1985 September,64.761,2.602,0.005,0.003,221.006,19.334,7.656,247.997
1985 October,69.105,2.491,0.003,0.002,228.287,19.977,7.911,256.175
1985 November,79.075,3.075,0.001,0.001,220.962,19.452,7.656,248.07
1985 December,87.328,3.372,0.001,0,228.29,20.044,7.911,256.246
1986 January,73.934,3.438,0.002,0.001,217.84,22.242,9.096,249.178
1986 February,80.075,2.953,0.002,0.001,196.536,20.171,8.216,224.922
1986 March,98.081,3.071,0.003,0.002,217.379,22.362,9.096,248.837
1986 April,94.922,2.769,0.005,0.002,210.372,21.613,8.803,240.788
1986 May,93.958,2.798,0.006,0.003,217.424,22.302,9.096,248.822
1986 June,90.562,3.036,0.005,0.002,210.444,21.591,8.803,240.837
1986 July,83.094,3.221,0.006,0.002,217.598,22.317,9.096,249.011
1986 August,73.104,3.214,0.006,0.002,217.76,22.32,9.096,249.176
1986 September,72.767,2.693,0.005,0,210.699,21.572,8.803,241.074
1986 October,73.498,2.647,0.004,0.001,217.574,22.304,9.096,248.974
1986 November,79.755,2.291,0.003,0,210.647,21.673,8.803,241.122
1986 December,89.397,3.038,0.001,0,217.863,22.393,9.096,249.352
1987 January,87.702,3.051,0,0,209.176,24.537,10.423,244.137
1987 February,73.264,2.829,0.002,0,188.924,22.172,9.415,220.511
1987 March,80.279,3.102,0.003,0,209.117,24.616,10.423,244.157
1987 April,76.163,2.924,0.004,0,202.254,23.798,10.087,236.139
1987 May,83.712,3.072,0.004,0.001,208.99,24.593,10.423,244.007
1987 June,72.271,3.155,0.006,0.003,202.596,23.839,10.087,236.522
1987 July,69.864,3.262,0.006,0.004,209.335,24.601,10.423,244.359
1987 August,63.744,3.25,0.004,0.001,209.365,24.608,10.423,244.396
1987 September,62.756,3.032,0.003,0.001,202.52,23.691,10.087,236.298
1987 October,61.964,3.07,0.002,0,209.112,24.523,10.423,244.059
1987 November,58.272,2.968,0.001,0,202.462,23.648,10.087,236.197
1987 December,72.753,3.049,0.001,0.001,209.308,24.373,10.423,244.104
1988 January,76.171,3.078,0.002,0.002,218.368,26.455,10.508,255.331
1988 February,66.029,2.648,0.003,0,204.246,24.778,9.83,238.853
1988 March,67.539,3.087,0.004,0,218.351,26.526,10.508,255.385
1988 April,66.195,2.794,0.002,0,211.122,25.95,10.169,247.241
1988 May,73.601,2.747,0.004,0,217.825,26.855,10.508,255.188
1988 June,65.346,2.913,0.005,0,211.242,25.929,10.169,247.34
1988 July,58.636,3.169,0.004,0,218.272,26.802,10.508,255.582
1988 August,56.923,3.024,0.004,0,218.415,26.893,10.508,255.815
1988 September,56.241,2.899,0.003,0,211.218,25.97,10.169,247.357
1988 October,52.265,2.954,0,0,218.198,26.811,10.508,255.517
1988 November,63.762,2.933,0,0,211.191,25.737,10.169,247.096
1988 December,68.748,2.898,0,0,218.215,26.623,10.508,255.345
1989 January,73.277,5.154,2.821,0.497,231.17,24.753,10.649,266.572
1989 February,65.188,4.654,3.041,0.763,211.272,23.037,9.618,243.927
1989 March,79.268,5.438,4.22,0.873,236.6,21.067,10.649,268.315
1989 April,84.295,4.797,4.66,0.812,218.29,23.351,10.305,251.946
1989 May,98.2,5.064,5.109,0.697,200.711,29.876,10.649,241.235
1989 June,90.614,4.984,5.175,0.534,208.439,29.704,10.305,248.447
1989 July,79.373,5.069,5.476,0.485,217.404,33.265,10.649,261.318
1989 August,70.675,4.919,5.389,0.352,234.088,32.249,10.649,276.985
1989 September,66.237,4.609,4.941,0.956,220.479,34.027,10.305,264.811
1989 October,70.285,4.835,4.501,0.599,230.492,35.321,10.649,276.462
1989 November,74.172,4.623,3.697,0.419,231.613,34.901,10.305,276.819
1989 December,76.402,4.948,3.465,0.219,239.066,32.806,10.649,282.52
1990 January,83.078,5.514,3.015,1.028,193.411,33.865,9.416,236.692
1990 February,86.122,5.032,3.256,0.789,186.722,31.039,8.505,226.266
1990 March,98.841,5.54,4.489,0.837,199.565,35.267,9.416,244.248
1990 April,90.589,4.526,4.946,1.434,190.159,33.369,9.112,232.64
1990 May,95.753,5.22,5.515,1.195,166.803,33.889,9.416,210.108
1990 June,98.444,5.368,5.534,1.387,134.939,34.493,9.112,178.544
1990 July,84.49,5.43,5.832,0.406,176.618,33.679,9.416,219.713
1990 August,75.559,5.369,5.781,0.239,201.445,34.771,9.416,245.632
1990 September,61.422,5.072,5.228,0.311,196.099,34.72,9.112,239.932
1990 October,66.657,5.305,4.782,0.693,190.414,35.607,9.416,235.437
1990 November,71.863,5.092,3.884,0.789,177.629,33.515,9.112,220.256
1990 December,86.44,5.394,3.7,0.406,202.362,33.866,9.416,245.644
1991 January,91.732,5.679,3.125,0.212,221.773,36.887,10.871,269.531
1991 February,78.638,4.981,3.369,0.989,161.586,33.129,9.819,204.535
1991 March,92.384,5.658,4.561,0.707,165.815,37.688,10.871,214.374
1991 April,91.874,5.144,5.026,0.813,142.348,37.583,10.521,190.452
1991 May,101.296,5.27,5.739,1.237,156.299,39.409,10.871,206.579
1991 June,91.854,5.528,5.803,0.53,161.835,37.366,10.521,209.721
1991 July,86.984,5.556,6.133,0.53,163.21,35.974,10.871,210.055
1991 August,77.658,5.51,6.035,0.777,201.887,38.076,10.871,250.834
1991 September,65.997,5.196,5.487,0.707,220.843,36.371,10.521,267.735
1991 October,63.197,5.465,4.935,1.448,204.17,34.366,10.871,249.408
1991 November,66.085,5.647,4.034,1.448,194.094,36.927,10.521,241.541
1991 December,78.349,5.845,3.792,0.671,220.221,35.94,10.871,267.033
1992 January,77.844,5.828,3.196,0.512,225.223,41.692,12.282,279.197
1992 February,64.67,5.188,3.451,1.759,179.107,39.871,11.489,230.468
1992 March,78.408,5.842,4.752,1.12,169.584,39.312,12.282,221.177
1992 April,70.18,5.351,5.284,1.088,162.501,35.785,11.886,210.172
1992 May,79.98,5.641,5.883,0.32,136.512,41.743,12.282,190.537
1992 June,80.819,5.556,5.931,0.256,178.938,40.161,11.886,230.985
1992 July,70.671,5.654,6.274,0.256,196.218,41.651,12.282,250.15
1992 August,65.474,5.689,6.205,0.48,216.248,41.132,12.282,269.662
1992 September,60.474,5.326,5.628,1.088,199.5,40.125,11.886,251.511
1992 October,59.474,5.6,5.115,0.832,219.054,38.209,12.282,269.545
1992 November,69.964,5.554,4.187,0.96,220.592,31.905,11.886,264.383
1992 December,85.579,5.633,3.914,1.184,209.993,41.616,12.282,263.891
1993 January,88.873,5.993,3.288,0.844,212.917,46.639,13.931,273.487
1993 February,71.73,5.752,3.57,0.169,190.799,37.578,12.979,241.356
1993 March,83.868,6.057,4.954,1.773,202.466,45.908,15.052,263.426
1993 April,90.98,5.985,5.515,1.266,176.447,36.205,13.434,226.086
1993 May,104.743,5.472,6.053,1.266,141.057,40.502,13.452,195.01
1993 June,95.182,5.471,6.058,0.295,142.881,40.571,13.51,196.963
1993 July,84.36,5.939,6.445,0.464,159.077,39.755,13.684,212.516
1993 August,71.587,6.014,6.401,0.253,215.249,34.984,11.273,261.507
1993 September,62.245,5.803,5.818,0.464,197.49,39.852,13.744,251.085
1993 October,62.087,5.796,5.243,0.971,203.03,39.893,14.617,257.54
1993 November,64.729,5.715,4.297,1.562,209.594,37.629,16.607,263.83
1993 December,76.662,5.886,4.039,0.929,208.767,39.822,16.778,265.367
1994 January,72.773,5.941,3.432,0,252.903,37.205,17.536,307.644
1994 February,69.738,5.397,3.68,0.343,194.065,37.257,13.875,245.198
1994 March,80.508,5.537,5.137,1.865,202.598,43.069,16.083,261.749
1994 April,84.264,5.608,5.64,1.408,183.168,39.552,13.977,236.697
1994 May,88.353,5.56,6.216,1.256,141.247,46.113,14.957,202.317
1994 June,85.343,5.073,6.292,1.256,156.533,44.95,13.657,215.14
1994 July,79.712,5.347,6.584,0.647,216.33,43.487,14.302,274.118
1994 August,69.257,5.777,6.471,0.457,193.374,43.016,15.43,251.82
1994 September,56.561,5.39,5.949,1.066,180.928,40.274,14.752,235.954
1994 October,59.757,5.538,5.458,1.218,209.489,45.995,17.616,273.101
1994 November,65.325,5.454,4.415,1.675,198.716,44.967,17.406,261.089
1994 December,75.959,5.584,4.136,0.571,194.468,49.439,18.801,262.708
1995 January,84.852,5.125,3.415,0.019,181.661,43.345,17.366,242.373
1995 February,85.447,3.934,3.692,0.08,151.839,38.045,15.809,205.693
1995 March,97.479,4.332,5.105,0.016,181.966,39.692,18.363,240.022
1995 April,83.847,3.87,5.735,0.023,202.143,47.829,17.318,267.29
1995 May,94.791,3.649,6.37,1.394,174.718,35.551,15.558,225.827
1995 June,103.128,3.858,6.471,1.701,164.965,45.581,17.411,227.957
1995 July,93.729,4.132,6.75,2.115,234.038,44.859,14.341,293.238
1995 August,83.175,6.243,6.674,1.862,240.237,46.729,12.71,299.676
1995 September,68.333,4.69,6.047,1.955,208.217,45.502,15.114,268.833
1995 October,78.993,7.148,5.471,0.876,227.438,48.833,18.294,294.565
1995 November,87.148,6.492,4.473,0.427,203.6,49.066,19.828,272.494
1995 December,99.64,6.275,4.192,0.329,199.049,46.444,17.684,263.176
1996 January,104.821,4.591,3.472,0.503,215.337,41.154,17.095,273.586
1996 February,108.488,4.575,3.76,0.382,169.485,43.729,14.424,227.637
1996 March,115.603,4.45,5.293,0.64,196.558,48.352,14.816,259.726
1996 April,108.647,4.84,5.865,0.834,149.671,44.007,12.103,205.781
1996 May,113.485,3.701,6.487,1.336,176.787,45.415,9.88,232.082
1996 June,108.928,4.863,6.562,1.282,197.279,50.186,7.258,254.723
1996 July,98.519,6.472,6.804,1.826,221.032,53.096,7.434,281.563
1996 August,89.62,6.651,6.602,1.416,241.559,43.97,9.132,294.661
1996 September,75.536,5.883,5.956,1.199,201.147,48.445,9.056,258.648
1996 October,77.094,6.243,5.494,0.863,241.017,54.461,13.457,308.935
1996 November,80.374,6.275,4.495,0.337,230.3,51.096,14.073,295.468
1996 December,103.4,5.545,4.262,0.417,196.854,53.08,14.061,263.996
1997 January,112.458,5.192,3.422,0.411,219.532,41.556,13.881,274.968
1997 February,107.528,4.096,3.762,0.372,169.842,42.813,14.02,226.674
1997 March,119.397,5.407,5.176,0.507,191.206,43.974,15.683,250.862
1997 April,109.441,5.789,5.748,1.106,189.865,47.949,14.063,251.878
1997 May,116.635,5.71,6.292,1.196,200.871,49.635,15.981,266.486
1997 June,117.564,4.874,6.433,1.764,172.743,45.553,12.665,230.961
1997 July,108.011,6.085,6.721,1.738,195.848,47.342,16.639,259.829
1997 August,91.802,6.028,6.612,1.809,204.296,47.711,12.495,264.502
1997 September,79.836,5.771,5.958,0.888,193.213,42.133,14.652,249.998
1997 October,84.394,5.765,5.437,0.937,239.624,48.235,18.834,306.693
1997 November,80.9,5.704,4.424,0.248,203.767,45.9,15.167,264.834
1997 December,88.252,6.125,4.187,0.244,190.185,47.802,19.549,257.536
1998 January,98.328,6.296,3.375,0.059,218.095,40.639,19.047,277.781
1998 February,102.347,5.165,3.629,0.028,158.343,39.813,14.668,212.823
1998 March,108.119,6.251,5.138,0.021,179.494,46.162,16.458,242.115
1998 April,97.61,4.583,5.664,0.293,178.06,45.084,16.07,239.214
1998 May,113.264,4.321,6.173,0.489,186.622,48.867,13.976,249.466
1998 June,110.348,4.907,6.327,1.348,128.7,41.356,15.135,185.191
1998 July,97.785,5.879,6.679,1.868,184.548,46.139,15.376,246.062
1998 August,85.678,6.212,6.584,1.438,191.758,46.21,16.221,254.189
1998 September,71.06,6.079,5.956,1.623,186.479,44.53,16.908,247.917
1998 October,64.434,6.608,5.395,1.019,202.005,48.262,18.484,268.751
1998 November,68.31,6.004,4.389,0.618,171.31,41.384,17.35,230.044
1998 December,85.937,5.902,4.147,1.519,198.747,53.849,21.342,273.938
1999 January,100.724,6.154,3.294,1.15,210.996,42.105,18.586,271.688
1999 February,97.902,5.118,3.57,1.054,162.352,42.77,15.313,220.435
1999 March,109.456,5.921,4.984,1.524,149.912,44.57,16.867,211.349
1999 April,93.28,5.188,5.536,1.274,183.534,47.234,16.77,247.537
1999 May,98.936,6.109,6.121,0.94,222.166,49.711,16.077,287.953
1999 June,104.294,5.724,6.184,0.866,173.903,47.851,15.636,237.39
1999 July,101.288,5.814,6.482,1.556,203.953,46.064,14.23,264.247
1999 August,87.778,5.902,6.377,1.304,197.764,43.98,16.624,258.368
1999 September,71.283,5.87,5.775,1.288,181.899,44.364,16.972,243.235
1999 October,67.908,6.081,5.311,1.428,164.413,44.534,19.844,228.79
1999 November,72.21,5.8,4.307,1.209,192.219,43.805,19.651,255.675
1999 December,85.198,6.207,4.068,1.72,171.056,43.17,22.398,236.623
2000 January,86.468,6.086,3.155,2.202,160.708,42.021,19.713,222.442
2000 February,76.714,5.637,3.44,2.409,185.259,42.652,17.294,245.205
2000 March,91.11,5.793,4.733,1.194,195.714,47.994,19.973,263.681
2000 April,97.207,5.929,5.239,1.126,187.07,47.555,18.611,253.235
2000 May,93.56,5.805,5.832,1.392,184.011,50.694,20.077,254.782
2000 June,85.931,5.66,5.895,1.525,167.726,42.314,16.306,226.346
2000 July,82.333,5.838,6.261,1.296,191.305,44.131,19.246,254.682
2000 August,74.999,5.845,6.144,1.284,194.632,42.649,19.402,256.683
2000 September,60.736,5.128,5.608,1.134,180.764,40.838,18.906,240.508
2000 October,58.639,5.455,5.056,1.404,206.142,43.633,21.918,271.693
2000 November,65.377,5.6,4.103,2.808,200.803,40.632,21.464,262.899
2000 December,67.181,5.909,3.882,1.309,207.582,25.688,22.801,256.071
2001 January,64.323,6.104,3.008,1.328,175.982,30.814,23.739,230.534
2001 February,59.617,5.386,3.261,1.471,155.969,27.21,20.084,203.263
2001 March,69.868,5.97,4.542,1.816,168.14,30.317,21.55,220.006
2001 April,61.46,5.584,5.02,2.336,163.973,30.118,18.71,212.8
2001 May,65.427,5.565,5.672,2.167,161.457,29.828,19.576,210.861
2001 June,70.723,5.559,5.755,2.285,163.772,30.134,16.692,210.598
2001 July,61.686,5.93,6.029,2.167,169.421,31.398,23.398,224.217
2001 August,64.534,5.892,5.947,1.969,173.357,31.258,18.938,223.552
2001 September,52.054,5.734,5.38,1.673,163.666,29.555,20.372,213.593
2001 October,51.98,5.873,4.773,2.071,174.181,30.481,25.014,229.675
2001 November,52.589,5.796,3.905,1.605,166.005,30.807,22.206,219.018
2001 December,66.01,5.97,3.675,2.101,169.916,31.954,22.369,224.239
2002 January,74.364,6.41,2.923,2.769,169.367,33.695,23.789,226.851
2002 February,68.894,5.685,3.189,2.436,148.458,29.727,21.185,199.37
2002 March,71.682,6.264,4.435,2.907,159.644,33.921,21.037,214.601
2002 April,82.729,5.755,4.877,3.495,158.336,31.601,22.43,212.366
2002 May,90.973,6.165,5.408,3.677,168.013,32.904,23.838,224.755
2002 June,96.262,5.878,5.585,3.843,159.326,33.365,21.848,214.539
2002 July,86.906,6.323,5.812,3.038,176.434,35.264,24.563,236.261
2002 August,71.938,6.203,5.719,3.332,163.556,35.426,24.98,223.963
2002 September,58.3,6.029,5.162,2.511,171.211,33.394,25.367,229.971
2002 October,58.589,6.231,4.647,2.506,180.316,33.603,29.756,243.674
2002 November,67.319,6.01,3.821,2.238,166.492,33.835,32.207,232.533
2002 December,73.933,6.235,3.551,2.577,174.133,35.27,32.335,241.737
2003 January,70.287,6.618,2.848,2.158,169.564,34.431,30.723,234.717
2003 February,67.489,5.959,3.083,2.543,153.718,30.507,31.894,216.118
2003 March,82.578,6.465,4.334,3.535,166.337,34.303,30.555,231.195
2003 April,84.478,6.232,4.795,3.729,162.813,33.334,32.588,228.736
2003 May,100.297,6.315,5.298,3.434,163.891,33.24,32.694,229.825
2003 June,97.536,6.424,5.421,3.573,162.635,32.915,31.844,227.395
2003 July,84.765,6.517,5.579,3.253,174.308,34.984,32.473,241.766
2003 August,78.381,6.488,5.522,2.782,171.772,34.556,34.451,240.779
2003 September,63.055,6.358,5.034,3.054,164.17,32.628,32.475,229.274
2003 October,62.878,6.406,4.535,3.061,169.075,32.827,35.228,237.129
2003 November,67.268,6.18,3.669,3.28,166.306,32.498,37.877,236.682
2003 December,82.039,6.653,3.452,3.77,177.447,35.123,40.285,252.855
2004 January,78.419,6.942,2.809,3.41,183.985,32.32,40.19,256.495
2004 February,71.357,6.504,3.019,3.486,168.663,31.132,38.748,238.543
2004 March,78.184,6.758,4.289,4.406,175.736,32.949,39.945,248.63
2004 April,71.27,6.405,4.722,4.418,175.957,32.191,40.264,248.412
2004 May,81.955,6.644,5.278,5.806,169.777,33.517,41.67,244.964
2004 June,86.161,6.621,5.343,4.767,171.743,32.495,42.516,246.754
2004 July,79.562,6.883,5.575,3.973,183.591,33.003,40.597,257.191
2004 August,73.672,6.813,5.488,3.585,179.526,33.116,41.745,254.388
2004 September,70.032,6.497,4.986,3.718,171.017,31.463,41.372,243.852
2004 October,64.36,6.879,4.47,3.511,179.681,31.857,43.223,254.761
2004 November,71.437,6.578,3.625,3.181,173.661,32.016,42.508,248.184
2004 December,89.431,6.81,3.418,3.999,187.914,32.983,45,265.897
2005 January,82.817,7.143,2.742,3.861,185.551,34.054,46.014,265.619
2005 February,73.722,6.22,2.968,3.298,175.761,30.134,41.146,247.041
2005 March,78.258,6.98,4.158,5.325,180.584,33.949,44.966,259.499
2005 April,78.675,6.829,4.638,5.792,171.578,32.208,42.537,246.323
2005 May,93.074,7.185,5.178,5.959,176.617,34.686,45.383,256.686
2005 June,91.384,7.036,5.247,6.131,173.219,34.165,47.73,255.114
2005 July,88.565,7.213,5.438,4.848,182.702,35.3,49.025,267.028
2005 August,73.582,7.149,5.396,3.883,182.796,34.718,51.217,268.73
2005 September,59.245,6.95,4.894,5.01,174.501,33.531,47.804,255.836
2005 October,61.438,7.126,4.399,4.934,178.567,32.286,51.536,262.388
2005 November,66.031,6.939,3.547,5.492,173.209,33.536,51.832,258.577
2005 December,75.546,7.159,3.335,6.237,181.612,34.653,54.823,271.089
2006 January,93.614,7.312,2.881,8.13,187.674,34.785,52.761,275.22
2006 February,84.487,6.605,3.124,6.558,164.912,31.177,48.955,245.044
2006 March,84.019,7.421,4.327,8.048,175.5,32.74,55.374,263.614
2006 April,97.432,6.869,4.821,8.434,166.537,30.858,54.87,252.265
2006 May,105.153,6.855,5.368,8.389,171.132,33.727,62.992,267.851
2006 June,101.532,7.108,5.41,7.001,170.346,32.295,69,271.64
2006 July,86.799,7.421,5.64,6.671,180.235,34.118,65.85,280.203
2006 August,74.137,7.515,5.657,5.647,179.396,33.794,69.551,282.741
2006 September,58.691,7.177,5.085,6.412,173.115,32.318,68.463,273.896
2006 October,58.192,7.468,4.577,8.333,177.454,32.927,72.077,282.458
2006 November,69.167,7.136,3.718,8.668,172.741,33.56,70.949,277.249
2006 December,73.685,7.519,3.487,8.433,180.279,34.262,75.418,289.959
2007 January,88.865,7.911,3.016,8.367,182.455,36.763,76.469,295.687
2007 February,63.349,6.983,3.269,8.598,162.893,32.666,69.09,264.65
2007 March,82.446,7.599,4.579,10.397,174.64,36.85,75.945,287.435
2007 April,81.515,7.329,5.051,10.822,173.47,32.341,71.828,277.639
2007 May,88.872,7.431,5.658,10.073,173.553,33.828,77.982,285.363
2007 June,77.85,7.603,5.707,8.941,170.164,33.402,80.617,284.184
2007 July,76.694,7.757,5.981,7.364,178.134,34.395,82.563,295.092
2007 August,68.037,7.771,5.886,9.21,174.785,34.377,86.584,295.746
2007 September,50.302,7.533,5.367,9.781,169.547,33.143,83.95,286.64
2007 October,50.485,7.805,4.848,11.521,174.97,34.945,92.473,302.388
2007 November,53.507,7.51,3.922,10.56,172.532,34.827,88.647,296.006
2007 December,62.582,7.81,3.662,11.909,181.632,35.698,96.665,313.995
2008 January,70.898,8.038,3.206,14.58,195.336,36.106,95.746,327.188
2008 February,64.108,7.368,3.518,13.142,169.281,35.307,95.403,299.991
2008 March,73.934,8.181,4.933,16.316,175.228,38.088,100.607,313.922
2008 April,75.862,7.943,5.478,17.829,171.485,36.154,105.611,313.25
2008 May,92.879,8.209,6.029,18.221,172.47,35.843,111.983,320.296
2008 June,99.553,8.087,6.181,17.539,167.713,35.334,108.741,311.788
2008 July,87.194,8.276,6.408,13.677,173.963,37.33,118.887,330.18
2008 August,72.434,8.256,6.326,11.138,171.954,36.423,123.463,331.84
2008 September,55.2,7.996,5.758,10.616,164.058,34.4,121.277,319.736
2008 October,52.783,8.27,5.166,16.229,169.452,36.366,126.128,331.946
2008 November,53.459,7.995,4.167,17.038,166.136,36.491,122.252,324.878
2008 December,71.179,8.216,3.926,22.573,161.91,37.422,127.044,326.377
2009 January,80.149,8.958,3.247,20.304,162.356,37.463,113.896,313.715
2009 February,60.775,8.104,3.578,19.968,150.552,34.203,101.386,286.141
2009 March,74.475,8.998,5.053,24.222,159.501,40.348,117.49,317.339
2009 April,87.927,8.584,5.614,25.446,151.432,36.607,119.403,307.442
2009 May,100.858,8.775,6.2,21.366,156.528,36.998,129.748,323.274
2009 June,99.744,8.538,6.229,19.105,158.244,37.176,128.286,323.707
2009 July,79.789,8.844,6.582,16.906,167.558,38.599,137.62,343.778
2009 August,66.808,8.83,6.501,18.645,170.874,38.246,139.782,348.901
2009 September,59.228,8.565,5.892,15.868,161.716,36.075,132.892,330.682
2009 October,67.186,8.727,5.307,23.248,165.592,38.01,143.407,347.009
2009 November,71.678,8.758,4.3,23.458,162.144,38.694,142.409,343.246
2009 December,84.378,9.228,4.023,23.563,168.514,39.268,146.999,354.782
2010 January,76.371,9.529,3.485,23.387,187.178,38.958,141.158,367.294
2010 February,70.252,8.519,3.833,18.533,171.797,35.332,134.986,342.116
2010 March,71.262,9.512,5.386,29.306,187.22,39.925,147.746,374.892
2010 April,65.158,9.122,6.033,33.316,179.128,39.183,147.271,365.582
2010 May,85.57,9.525,6.76,29.676,181.788,38.921,153.704,374.413
2010 June,101.861,9.202,6.895,27.463,182.446,38.734,153.3,374.48
2010 July,83.651,9.399,7.158,22.942,189.157,39.595,157.123,385.875
2010 August,68.647,9.478,7.072,22.812,190.522,39.609,157.37,387.501
2010 September,58.909,9.164,6.433,24.244,184.923,37.46,151.704,374.086
2010 October,60.334,9.223,5.693,27.104,185.667,39.211,159.105,383.983
2010 November,66.744,9.163,4.721,33.259,183.819,40.202,156.074,380.095
2010 December,79.053,9.591,4.384,30.91,193.095,40.781,161.443,395.319
2011 January,87.112,9.989,3.924,29.174,193.637,38.536,152.681,384.854
2011 February,82.336,9.017,4.374,35.661,173.103,35.781,143.489,352.374
2011 March,106.231,9.957,6.043,35.978,186.444,38.511,159.375,384.329
2011 April,106.435,9.447,6.76,42.383,175.84,35.683,152.763,364.286
2011 May,111.187,9.889,7.496,40.167,177.915,37.199,163.997,379.11
2011 June,109.7,9.363,7.667,37.481,184.151,38.056,166.881,389.087
2011 July,106.743,9.723,7.903,25.551,189.298,39.34,161.191,389.828
2011 August,87.905,9.742,7.958,25.5,189.485,39.447,173.499,402.432
2011 September,72.94,9.401,7.178,23.437,183.603,37.73,159.099,380.432
2011 October,67.515,9.763,6.507,35.913,182.755,39.843,166.454,389.052
2011 November,70.562,9.557,5.259,42.44,183.367,40.352,166.258,389.976
2011 December,80.973,9.912,5.056,36.358,193.623,41.317,175.792,410.732
2012 January,78.842,9.689,4.607,46.508,184.808,38.397,155.006,378.211
2012 February,69.209,9.103,5.077,37.708,173.569,36.328,151.441,361.337
2012 March,88.393,9.763,7.148,47.861,177.467,39.878,163.671,381.016
2012 April,89.72,9.464,8.096,43.363,168.214,37.233,159.812,365.259
2012 May,97.724,9.828,9.316,42.788,177.251,38.198,169.175,384.623
2012 June,90.956,9.564,9.605,40.849,176.385,37.006,164.569,377.961
2012 July,90.387,9.884,9.934,30.104,183.79,39.306,157.657,380.753
2012 August,78.591,9.827,9.685,28.898,185.197,39.276,167.16,391.634
2012 September,60.065,9.64,8.96,29.991,179.203,37.263,149.452,365.918
2012 October,56.304,9.913,8.214,43.114,180.24,40.766,158.729,379.734
2012 November,63.918,9.801,6.715,39.745,178.719,40.671,149.976,369.366
2012 December,78.423,10.122,6.439,49.554,186.371,42.283,152.468,381.122
2013 January,84.715,10.108,5.869,50.288,199.658,41.432,149.653,390.743
2013 February,69.668,9.089,6.663,48.026,179.53,36.992,139.735,356.257
2013 March,70.063,10.096,9.26,53.758,195.918,42.16,161.574,399.652
2013 April,85.631,9.567,10.151,59.629,185.361,40.77,162.337,388.467
2013 May,97.072,9.855,11.264,55.406,193.12,41.47,170.652,405.242
2013 June,93.434,9.581,11.745,46.909,192.995,40.437,173.842,407.273
2013 July,92.993,9.955,12.038,37.851,204.781,41.963,173.028,419.772
2013 August,73.813,9.905,12.336,32.871,202.372,42.198,172.446,417.015
2013 September,57.871,9.652,11.551,39.832,190.5,39.914,172.656,403.071
2013 October,58.682,10.045,10.946,46.523,195.16,41.976,185.584,422.721
2013 November,60.313,9.418,9.028,53.921,195.075,42.268,177.403,414.747
2013 December,72.09,10.053,8.8,47.656,203.786,44.857,187.428,436.071
2014 January,73.815,10.016,8.157,61.113,204.218,44.923,164.852,413.993
2014 February,59.356,8.987,8.799,47.798,185.541,40.827,152.659,379.026
2014 March,82.765,9.957,12.624,60.515,203.51,44.532,170.205,418.247
2014 April,86.801,9.701,13.934,63.584,192.673,43.899,170.104,406.676
2014 May,90.568,9.939,15.758,53.232,195.933,43.127,179.197,418.257
2014 June,87.838,9.632,16.428,53.906,200.088,42.412,176.124,418.624
2014 July,83.107,9.896,16.395,41.583,206.439,44.994,182.491,433.924
2014 August,67.582,9.928,16.624,34.702,207.694,42.954,183.09,433.738
2014 September,54.846,9.68,15.631,39.305,195.605,40.635,173.602,409.842
2014 October,58.547,9.983,14.507,49.501,200.241,42.467,182.914,425.622
2014 November,63.548,9.868,11.805,64.374,198.406,41.549,176.28,416.235
2014 December,76.186,10.085,10.387,50.195,207.843,43.558,187.064,438.466
2015 January,82.36,10.04,9.815,51.733,201.691,43.145,166.886,411.721
2015 February,76.04,9.171,11.48,50.912,182.071,38.436,160.592,381.098
2015 March,82.846,10.149,15.989,52.231,192.096,42.831,179.015,413.942
2015 April,76.671,9.561,18.058,60.963,186.985,41.652,173.571,402.209
2015 May,68.668,10.136,19.51,58.52,192.617,42.339,188.596,423.552
2015 June,69.653,9.66,19.804,45.793,189.831,41.985,189.441,421.258
2015 July,71.701,10.022,20.66,46.661,198.543,45.608,192.173,436.324
2015 August,65.245,9.979,20.72,44.629,199.379,44.071,192.445,435.895
2015 September,54.913,9.323,18.026,47.671,189.132,41.867,185.619,416.618
2015 October,56.743,9.907,15.938,55.889,187.289,44.543,187.005,418.836
2015 November,65.981,9.77,13.628,67.154,188.795,45.15,181.63,415.574
2015 December,79.041,10.091,12.547,68.576,196.949,46.745,187.801,431.495
2016 January,87.397,9.923,11.728,63.007,191.457,42.164,174.702,408.324
2016 February,82.362,9.274,15.428,68.712,180.17,40.467,176.11,396.747
2016 March,93.454,9.866,19.297,74.857,184.745,43.543,191.319,419.607
2016 April,88.296,9.33,21.401,70.967,172.992,42.678,177.536,393.207
2016 May,86.96,9.957,24.459,64.309,180.385,42.94,197.174,420.499
2016 June,79.284,9.475,24.955,55.627,181.856,40.067,196.602,418.525
2016 July,73.206,9.852,27.056,60.114,188.103,41.448,205.111,434.663
2016 August,66.771,9.897,26.741,46.367,189.83,41.958,209.353,441.141
2016 September,55.847,9.732,24.199,55.969,178.532,39.307,198.018,415.858
2016 October,59.16,9.995,21.438,69.384,179.085,40.714,199.452,419.251
2016 November,64.174,9.858,17.985,66.212,182.283,43.322,200.084,425.689
2016 December,76.865,10.339,16.202,78.973,207.517,44.61,207.817,459.944
2017 January,90.854,10.194,15.555,70.965,186.497,44.422,186.214,417.133
2017 February,81.485,9.098,17.857,75.375,169.4,39.585,171.424,380.408
2017 March,101.04,10.126,27.472,87.793,185.415,43.377,195.863,424.656
2017 April,100.345,9.795,30.175,86.59,173.518,40.534,189.532,403.584
2017 May,111.255,9.835,34.567,78.707,177.51,41.368,206.683,425.561
2017 June,104.323,9.599,36.083,68.724,180.623,40.044,203.243,423.91
2017 July,90.753,10.077,34.635,55.001,187.489,41.027,201.51,430.026
2017 August,75.18,10.044,33.492,47.355,189.35,41.128,210.863,441.341
2017 September,65.346,9.762,30.881,61.115,173.881,38.225,195.269,407.375
2017 October,60.386,9.536,28.042,83.146,180.315,40.436,202.523,423.274
2017 November,67.859,9.671,20.501,77.162,181.089,41.676,199.618,422.384
2017 December,75.91,10.105,19.362,75.749,190.576,43.437,201.642,435.655
2018 January,85.519,9.97,20.417,87.343,196.053,43.328,190.956,430.336
2018 February,84.967,9.218,23.213,79.123,175.743,40.156,171.592,387.492
2018 March,88.236,10.057,30.918,90.294,192.165,43.24,195.311,430.717
2018 April,95.929,9.272,36.049,90.182,179.93,40.661,186.07,406.662
2018 May,103.876,10.111,40.277,81.728,188.469,40.753,209.285,438.507
2018 June,94.163,9.654,42.476,84.286,185.853,38.993,198.474,423.319
2018 July,85.64,10.066,40.715,56.116,195.468,39.5,204.554,439.522
2018 August,75.122,10.058,39.785,67.716,193.795,39.888,211.642,445.325
2018 September,65.393,9.75,35.355,63.189,181.062,36.521,190.086,407.669
2018 October,66.698,9.737,30.386,72.314,185.979,40.945,203.303,430.227
2018 November,74.766,9.76,23.468,75.118,184.016,40.939,195.978,420.933
2018 December,77.784,10.327,20.576,82.933,194.967,42.423,197.917,435.308
2019 January,84.61,10.136,22.249,82.917,195.893,39.485,185.476,420.854
2019 February,78.068,9.282,23.942,77.189,175.543,35.551,180.279,391.372
2019 March,89.852,10.247,35.49,87.936,188.849,38.429,195.324,422.602
2019 April,94.922,9.498,40.146,98.659,177.281,35.559,194.087,406.927
2019 May,109.123,9.971,43.146,87.959,184.835,36.011,210.633,431.479
2019 June,95.801,9.751,46.198,76.586,181.753,36.19,202.714,420.658
2019 July,84.875,10.086,47.572,75.408,191.838,36.537,207.635,436.01
2019 August,77.038,10.147,45.914,68.165,192.791,37.001,203.426,433.218
2019 September,63.21,9.885,40.157,83.64,181.363,34.604,188.932,404.899
2019 October,62.459,9.286,35.724,94.255,184.275,37.279,201.94,423.495
2019 November,68.982,8.575,26.634,85.929,183.365,36.963,198.4,418.729
2019 December,73.284,9.429,22.573,90.909,191.377,38.836,207.403,437.616
2020 January,83.587,9.294,26.699,95.95,173.041,39.66,197.871,410.572
2020 February,88.262,9.229,32.001,99.325,162.736,36.438,186.27,385.445
2020 March,81.284,10.378,38.67,100.039,168.873,39.023,171.918,379.815
2020 April,79.139,9.91,45.977,101.515,158.427,36.51,121.36,316.296
2020 May,102.279,10.026,54.131,96.824,163.313,37.236,155.142,355.691
2020 June,95.534,9.552,54.142,103.085,156.607,34.279,182.889,373.775
2020 July,91.243,9.921,58.08,78.019,161.961,35.906,188.408,386.274
2020 August,79.443,9.893,52.636,78.576,164.385,36.432,185.527,386.344
2020 September,63.732,9.6,44.866,79.111,156.599,34.251,184.739,375.59
2020 October,64.181,9.772,40.615,98.343,161.918,36.323,180.746,378.987
2020 November,71.286,9.978,33.019,113.038,161.737,35.73,186.803,384.27
2020 December,73.385,10.165,29.734,109.22,169.936,37.944,194.079,401.959
2021 January,83.799,9.988,31.947,102.566,171.767,38.371,168.745,378.883
2021 February,68.706,9.263,35.471,91.153,153.789,33.864,154.424,342.078
2021 March,72.404,9.63,51.345,133.768,167.675,37.855,193.94,399.471
2021 April,66.155,9.613,58.922,123.37,161.931,35.515,186.132,383.578
2021 May,79.53,9.947,66.399,115.28,167.724,36.403,206.591,410.718
2021 June,80.025,9.577,65.72,91.003,164.203,34.238,200.072,398.513
2021 July,75.397,10.002,66.105,74.093,173.282,35.669,204.12,413.071
2021 August,69.36,9.955,64.073,92.367,171.771,35.272,199.877,406.92
2021 September,58.08,9.802,58.887,98.941,164.216,34.478,186.209,384.903
2021 October,58.458,9.893,49.657,109.918,164.005,35.374,214.011,413.39
2021 November,66.102,9.879,41.979,121.983,160.797,35.234,207.391,403.423
2021 December,80.393,10.458,34.801,135.965,170.874,37.994,209.36,418.228
2022 January,82.562,10.409,41.75,127.664,184.983,36.596,192.653,414.232
2022 February,72.746,9.112,47.38,128.443,168.917,33.263,177.312,379.492
2022 March,83.377,9.782,62.746,146.82,179.138,36.768,206.878,422.784
2022 April,68.465,9.594,71.024,157.522,174.035,34.089,195.256,403.379
2022 May,79.7,9.921,79.408,143.726,180.34,34.591,207.636,422.567
2022 June,88.67,9.574,82.558,115.215,178.159,33.32,212.799,424.279
2022 July,83.824,9.97,82.51,100.569,185.693,33.99,205.64,425.323
2022 August,72.106,10.013,77.114,84.339,184.428,33.804,213.1,431.332
2022 September,58.093,9.755,70.065,93.254,172.533,32.227,192.137,396.897
2022 October,49.022,9.824,63.149,111.725,173.166,34.372,215.696,423.234
2022 November,61.068,9.985,46.67,140.57,174.029,34.132,208.685,416.846
2022 December,69.706,10.45,39.621,131.975,179.749,35.176,204.889,419.814
2023 January,77.637,10.238,43.675,130.877,174.762,35.007,208.08,417.85
2023 February,68.107,9.312,50.934,141.34,155.149,31.346,189.492,375.987
2023 March,72.783,10.313,67.325,148.708,169.817,33.588,220.404,423.809
2023 April,67.625,9.844,80.195,145.848,156.43,31.721,206.811,394.961
2023 May,94.346,9.983,91.191,109.959,166.054,33.822,233.877,433.753
2023 June,73.604,9.632,92.488,93.99,158.558,31.622,230.948,421.128
2023 July,74.988,9.815,97.451,95.552,166.191,32.704,223.994,422.889
2023 August,72.652,9.716,92.601,96.881,168.518,32.612,234.683,435.813
2023 September,57.716,9.705,81.384,96.742,160.546,30.648,221.911,413.106
2023 October,53.475,10.238,74.138,122.9,160.064,32.977,233.926,426.967
2023 November,58.092,10.131,56.74,124.352,163.519,32.789,219.473,415.781
2023 December,64.922,10.418,50.292,129.787,169.436,35.337,235.15,439.923
2024 January,74.846,10.227,53.246,119.183,165.82,34.108,211.949,411.877
2024 February,68.599,9.529,65.214,141.809,150.075,30.991,223.418,404.484
2024 March,79.57,9.777,83.79,155.726,162.022,32.532,232.197,426.751
2024 April,66.112,9.762,98.061,161.664,157.046,30.919,221.534,409.499
2024 May,77.169,9.637,111.635,132.019,162.264,32.531,242.164,436.958
2024 June,72.238,9.561,118.809,130.203,154.761,29.967,234.788,419.516
2024 July,72.292,9.918,119.45,95.435,160.45,31.511,252.42,444.381
2024 August,72.894,9.877,117.44,98.143,165.36,31.49,241.787,438.638
2024 September,56.864,9.561,100.739,98.932,159.698,29.673,230.532,419.904
2024 October,53.982,9.473,94.938,136.664,155.214,31.738,243.241,430.193
2024 November,62.357,9.502,70.004,139.757,159.841,31.32,235.47,426.63
2024 December,69.551,10.145,64.924,137.651,165.204,31.887,236.014,433.106
2025 January,72.308,10.085,74.239,148.866,164.488,32.272,210.481,407.241
2025 February,65.958,9.12,79.78,134.501,147.049,29.512,200.515,377.076
2025 March,75.18,10.364,111.424,172.96,161.897,32.158,215.833,409.888
2025 April,76.479,9.602,126.654,156.036,149.525,30.466,213.366,393.357
2025 May,82.003,9.46,139.202,125.925,157.272,30.024,213.82,401.117
2025 June,74.977,9.541,146.623,122.325,157.473,28.697,211.051,397.221
2025 July,68.537,9.788,153.459,108.608,164.641,29.788,221.779,416.208
